merchant_category,total_commissions,avg_commission_per_transaction,commission_to_transaction_ratio,total_successful_txns,total_failed_txns,total_transaction_value,total_value_approved,total_value_declined,total_commission_approved,total_commission_declined,avg_risk_level
retail,81254363,20477.410030241936,0.018348186799822,3752,216,4428468267,4212226069,216242198,77286725,3967638,2.060483870967742
entertainment,84511723,20607.589124603754,0.018348191132594113,3891,210,4605997528,4371960204,234037324,80217560,4294163,2.050231650816874
food_service,81597026,20709.90507614213,0.01834819992139826,3739,201,4447140665,4222842071,224298594,77481554,4115472,2.0474619289340104
government,81331349,20337.92173043261,0.018348191948890966,3798,201,4432662860,4204454736,228208124,77144145,4187204,2.056264066016504
transportation,81622493,20467.024322968908,0.018348200154717585,3764,224,4448528592,4203163434,245365158,77120489,4502004,2.0423771313941828
