customer_type,total_commissions,avg_commission_per_transaction,commission_to_transaction_ratio,total_successful_txns,total_failed_txns,total_transaction_value,total_value_approved,total_value_declined,total_commission_approved,total_commission_declined,total_count,avg_risk_level
CIP,139284747,20598.158385093167,0.018348197121509452,6405,357,7591195259,7202287588,388907671,132148997,7135750,6762,2.051611949127477
business,136899192,20478.562752430815,0.018348196038839717,6315,370,7461179928,7060552513,400627415,129548412,7350780,6685,2.0575916230366493
individual,134133015,20481.44983967018,0.018348188613128386,6224,325,7310422725,6951806413,358616312,127553064,6579951,6549,2.0447396549091463
